"time_period","demscalar_soil_fertilizer_n_per_area","TransformationName","Nation"
0,1,"none","argentina"
1,1,"none","argentina"
2,1,"none","argentina"
3,1,"none","argentina"
4,1,"none","argentina"
5,1,"none","argentina"
6,1,"none","argentina"
7,1,"none","argentina"
8,1,"none","argentina"
9,1,"none","argentina"
10,1,"none","argentina"
11,1,"none","argentina"
12,1,"none","argentina"
13,1,"none","argentina"
14,1,"none","argentina"
15,1,"none","argentina"
16,1,"none","argentina"
17,1,"none","argentina"
18,1,"none","argentina"
19,1,"none","argentina"
20,1,"none","argentina"
21,1,"none","argentina"
22,1,"none","argentina"
23,1,"none","argentina"
24,1,"none","argentina"
25,1,"none","argentina"
26,1,"none","argentina"
27,1,"none","argentina"
28,1,"none","argentina"
29,1,"none","argentina"
30,1,"none","argentina"
31,1,"none","argentina"
32,1,"none","argentina"
33,1,"none","argentina"
34,1,"none","argentina"
35,1,"none","argentina"
0,1,"full","argentina"
1,1,"full","argentina"
2,1,"full","argentina"
3,1,"full","argentina"
4,1,"full","argentina"
5,1,"full","argentina"
6,1,"full","argentina"
7,1,"full","argentina"
8,1,"full","argentina"
9,1,"full","argentina"
10,0.999768686115385,"full","argentina"
11,0.999537372230769,"full","argentina"
12,0.999306058346154,"full","argentina"
13,0.999074744461538,"full","argentina"
14,0.998843430576923,"full","argentina"
15,0.998612116692308,"full","argentina"
16,0.998380802807692,"full","argentina"
17,0.998149488923077,"full","argentina"
18,0.997918175038462,"full","argentina"
19,0.997686861153846,"full","argentina"
20,0.997455547269231,"full","argentina"
21,0.997224233384615,"full","argentina"
22,0.9969929195,"full","argentina"
23,0.996761605615385,"full","argentina"
24,0.996530291730769,"full","argentina"
25,0.996298977846154,"full","argentina"
26,0.996067663961538,"full","argentina"
27,0.995836350076923,"full","argentina"
28,0.995605036192308,"full","argentina"
29,0.995373722307692,"full","argentina"
30,0.995142408423077,"full","argentina"
31,0.994911094538462,"full","argentina"
32,0.994679780653846,"full","argentina"
33,0.994448466769231,"full","argentina"
34,0.994217152884615,"full","argentina"
35,0.993985839,"full","argentina"
0,1,"none","bahamas"
1,1,"none","bahamas"
2,1,"none","bahamas"
3,1,"none","bahamas"
4,1,"none","bahamas"
5,1,"none","bahamas"
6,1,"none","bahamas"
7,1,"none","bahamas"
8,1,"none","bahamas"
9,1,"none","bahamas"
10,1,"none","bahamas"
11,1,"none","bahamas"
12,1,"none","bahamas"
13,1,"none","bahamas"
14,1,"none","bahamas"
15,1,"none","bahamas"
16,1,"none","bahamas"
17,1,"none","bahamas"
18,1,"none","bahamas"
19,1,"none","bahamas"
20,1,"none","bahamas"
21,1,"none","bahamas"
22,1,"none","bahamas"
23,1,"none","bahamas"
24,1,"none","bahamas"
25,1,"none","bahamas"
26,1,"none","bahamas"
27,1,"none","bahamas"
28,1,"none","bahamas"
29,1,"none","bahamas"
30,1,"none","bahamas"
31,1,"none","bahamas"
32,1,"none","bahamas"
33,1,"none","bahamas"
34,1,"none","bahamas"
35,1,"none","bahamas"
0,1,"full","bahamas"
1,1,"full","bahamas"
2,1,"full","bahamas"
3,1,"full","bahamas"
4,1,"full","bahamas"
5,1,"full","bahamas"
6,1,"full","bahamas"
7,1,"full","bahamas"
8,1,"full","bahamas"
9,1,"full","bahamas"
10,1,"full","bahamas"
11,1,"full","bahamas"
12,1,"full","bahamas"
13,1,"full","bahamas"
14,1,"full","bahamas"
15,1,"full","bahamas"
16,1,"full","bahamas"
17,1,"full","bahamas"
18,1,"full","bahamas"
19,1,"full","bahamas"
20,1,"full","bahamas"
21,1,"full","bahamas"
22,1,"full","bahamas"
23,1,"full","bahamas"
24,1,"full","bahamas"
25,1,"full","bahamas"
26,1,"full","bahamas"
27,1,"full","bahamas"
28,1,"full","bahamas"
29,1,"full","bahamas"
30,1,"full","bahamas"
31,1,"full","bahamas"
32,1,"full","bahamas"
33,1,"full","bahamas"
34,1,"full","bahamas"
35,1,"full","bahamas"
0,1,"none","barbados"
1,1,"none","barbados"
2,1,"none","barbados"
3,1,"none","barbados"
4,1,"none","barbados"
5,1,"none","barbados"
6,1,"none","barbados"
7,1,"none","barbados"
8,1,"none","barbados"
9,1,"none","barbados"
10,1,"none","barbados"
11,1,"none","barbados"
12,1,"none","barbados"
13,1,"none","barbados"
14,1,"none","barbados"
15,1,"none","barbados"
16,1,"none","barbados"
17,1,"none","barbados"
18,1,"none","barbados"
19,1,"none","barbados"
20,1,"none","barbados"
21,1,"none","barbados"
22,1,"none","barbados"
23,1,"none","barbados"
24,1,"none","barbados"
25,1,"none","barbados"
26,1,"none","barbados"
27,1,"none","barbados"
28,1,"none","barbados"
29,1,"none","barbados"
30,1,"none","barbados"
31,1,"none","barbados"
32,1,"none","barbados"
33,1,"none","barbados"
34,1,"none","barbados"
35,1,"none","barbados"
0,1,"full","barbados"
1,1,"full","barbados"
2,1,"full","barbados"
3,1,"full","barbados"
4,1,"full","barbados"
5,1,"full","barbados"
6,1,"full","barbados"
7,1,"full","barbados"
8,1,"full","barbados"
9,1,"full","barbados"
10,1,"full","barbados"
11,1,"full","barbados"
12,1,"full","barbados"
13,1,"full","barbados"
14,1,"full","barbados"
15,1,"full","barbados"
16,1,"full","barbados"
17,1,"full","barbados"
18,1,"full","barbados"
19,1,"full","barbados"
20,1,"full","barbados"
21,1,"full","barbados"
22,1,"full","barbados"
23,1,"full","barbados"
24,1,"full","barbados"
25,1,"full","barbados"
26,1,"full","barbados"
27,1,"full","barbados"
28,1,"full","barbados"
29,1,"full","barbados"
30,1,"full","barbados"
31,1,"full","barbados"
32,1,"full","barbados"
33,1,"full","barbados"
34,1,"full","barbados"
35,1,"full","barbados"
0,1,"none","belize"
1,1,"none","belize"
2,1,"none","belize"
3,1,"none","belize"
4,1,"none","belize"
5,1,"none","belize"
6,1,"none","belize"
7,1,"none","belize"
8,1,"none","belize"
9,1,"none","belize"
10,1,"none","belize"
11,1,"none","belize"
12,1,"none","belize"
13,1,"none","belize"
14,1,"none","belize"
15,1,"none","belize"
16,1,"none","belize"
17,1,"none","belize"
18,1,"none","belize"
19,1,"none","belize"
20,1,"none","belize"
21,1,"none","belize"
22,1,"none","belize"
23,1,"none","belize"
24,1,"none","belize"
25,1,"none","belize"
26,1,"none","belize"
27,1,"none","belize"
28,1,"none","belize"
29,1,"none","belize"
30,1,"none","belize"
31,1,"none","belize"
32,1,"none","belize"
33,1,"none","belize"
34,1,"none","belize"
35,1,"none","belize"
0,1,"full","belize"
1,1,"full","belize"
2,1,"full","belize"
3,1,"full","belize"
4,1,"full","belize"
5,1,"full","belize"
6,1,"full","belize"
7,1,"full","belize"
8,1,"full","belize"
9,1,"full","belize"
10,0.998232917153846,"full","belize"
11,0.996465834307692,"full","belize"
12,0.994698751461538,"full","belize"
13,0.992931668615385,"full","belize"
14,0.991164585769231,"full","belize"
15,0.989397502923077,"full","belize"
16,0.987630420076923,"full","belize"
17,0.985863337230769,"full","belize"
18,0.984096254384615,"full","belize"
19,0.982329171538462,"full","belize"
20,0.980562088692308,"full","belize"
21,0.978795005846154,"full","belize"
22,0.977027923,"full","belize"
23,0.975260840153846,"full","belize"
24,0.973493757307692,"full","belize"
25,0.971726674461538,"full","belize"
26,0.969959591615385,"full","belize"
27,0.968192508769231,"full","belize"
28,0.966425425923077,"full","belize"
29,0.964658343076923,"full","belize"
30,0.962891260230769,"full","belize"
31,0.961124177384615,"full","belize"
32,0.959357094538462,"full","belize"
33,0.957590011692308,"full","belize"
34,0.955822928846154,"full","belize"
35,0.954055846,"full","belize"
0,1,"none","bolivia"
1,1,"none","bolivia"
2,1,"none","bolivia"
3,1,"none","bolivia"
4,1,"none","bolivia"
5,1,"none","bolivia"
6,1,"none","bolivia"
7,1,"none","bolivia"
8,1,"none","bolivia"
9,1,"none","bolivia"
10,1,"none","bolivia"
11,1,"none","bolivia"
12,1,"none","bolivia"
13,1,"none","bolivia"
14,1,"none","bolivia"
15,1,"none","bolivia"
16,1,"none","bolivia"
17,1,"none","bolivia"
18,1,"none","bolivia"
19,1,"none","bolivia"
20,1,"none","bolivia"
21,1,"none","bolivia"
22,1,"none","bolivia"
23,1,"none","bolivia"
24,1,"none","bolivia"
25,1,"none","bolivia"
26,1,"none","bolivia"
27,1,"none","bolivia"
28,1,"none","bolivia"
29,1,"none","bolivia"
30,1,"none","bolivia"
31,1,"none","bolivia"
32,1,"none","bolivia"
33,1,"none","bolivia"
34,1,"none","bolivia"
35,1,"none","bolivia"
0,1,"full","bolivia"
1,1,"full","bolivia"
2,1,"full","bolivia"
3,1,"full","bolivia"
4,1,"full","bolivia"
5,1,"full","bolivia"
6,1,"full","bolivia"
7,1,"full","bolivia"
8,1,"full","bolivia"
9,1,"full","bolivia"
10,0.999979031346154,"full","bolivia"
11,0.999958062692308,"full","bolivia"
12,0.999937094038462,"full","bolivia"
13,0.999916125384615,"full","bolivia"
14,0.999895156730769,"full","bolivia"
15,0.999874188076923,"full","bolivia"
16,0.999853219423077,"full","bolivia"
17,0.999832250769231,"full","bolivia"
18,0.999811282115385,"full","bolivia"
19,0.999790313461538,"full","bolivia"
20,0.999769344807692,"full","bolivia"
21,0.999748376153846,"full","bolivia"
22,0.9997274075,"full","bolivia"
23,0.999706438846154,"full","bolivia"
24,0.999685470192308,"full","bolivia"
25,0.999664501538462,"full","bolivia"
26,0.999643532884615,"full","bolivia"
27,0.999622564230769,"full","bolivia"
28,0.999601595576923,"full","bolivia"
29,0.999580626923077,"full","bolivia"
30,0.999559658269231,"full","bolivia"
31,0.999538689615385,"full","bolivia"
32,0.999517720961538,"full","bolivia"
33,0.999496752307692,"full","bolivia"
34,0.999475783653846,"full","bolivia"
35,0.999454815,"full","bolivia"
0,1,"none","brazil"
1,1,"none","brazil"
2,1,"none","brazil"
3,1,"none","brazil"
4,1,"none","brazil"
5,1,"none","brazil"
6,1,"none","brazil"
7,1,"none","brazil"
8,1,"none","brazil"
9,1,"none","brazil"
10,1,"none","brazil"
11,1,"none","brazil"
12,1,"none","brazil"
13,1,"none","brazil"
14,1,"none","brazil"
15,1,"none","brazil"
16,1,"none","brazil"
17,1,"none","brazil"
18,1,"none","brazil"
19,1,"none","brazil"
20,1,"none","brazil"
21,1,"none","brazil"
22,1,"none","brazil"
23,1,"none","brazil"
24,1,"none","brazil"
25,1,"none","brazil"
26,1,"none","brazil"
27,1,"none","brazil"
28,1,"none","brazil"
29,1,"none","brazil"
30,1,"none","brazil"
31,1,"none","brazil"
32,1,"none","brazil"
33,1,"none","brazil"
34,1,"none","brazil"
35,1,"none","brazil"
0,1,"full","brazil"
1,1,"full","brazil"
2,1,"full","brazil"
3,1,"full","brazil"
4,1,"full","brazil"
5,1,"full","brazil"
6,1,"full","brazil"
7,1,"full","brazil"
8,1,"full","brazil"
9,1,"full","brazil"
10,0.998790965846154,"full","brazil"
11,0.997581931692308,"full","brazil"
12,0.996372897538462,"full","brazil"
13,0.995163863384615,"full","brazil"
14,0.993954829230769,"full","brazil"
15,0.992745795076923,"full","brazil"
16,0.991536760923077,"full","brazil"
17,0.990327726769231,"full","brazil"
18,0.989118692615385,"full","brazil"
19,0.987909658461538,"full","brazil"
20,0.986700624307692,"full","brazil"
21,0.985491590153846,"full","brazil"
22,0.984282556,"full","brazil"
23,0.983073521846154,"full","brazil"
24,0.981864487692308,"full","brazil"
25,0.980655453538462,"full","brazil"
26,0.979446419384615,"full","brazil"
27,0.978237385230769,"full","brazil"
28,0.977028351076923,"full","brazil"
29,0.975819316923077,"full","brazil"
30,0.974610282769231,"full","brazil"
31,0.973401248615385,"full","brazil"
32,0.972192214461538,"full","brazil"
33,0.970983180307692,"full","brazil"
34,0.969774146153846,"full","brazil"
35,0.968565112,"full","brazil"
0,1,"none","chile"
1,1,"none","chile"
2,1,"none","chile"
3,1,"none","chile"
4,1,"none","chile"
5,1,"none","chile"
6,1,"none","chile"
7,1,"none","chile"
8,1,"none","chile"
9,1,"none","chile"
10,1,"none","chile"
11,1,"none","chile"
12,1,"none","chile"
13,1,"none","chile"
14,1,"none","chile"
15,1,"none","chile"
16,1,"none","chile"
17,1,"none","chile"
18,1,"none","chile"
19,1,"none","chile"
20,1,"none","chile"
21,1,"none","chile"
22,1,"none","chile"
23,1,"none","chile"
24,1,"none","chile"
25,1,"none","chile"
26,1,"none","chile"
27,1,"none","chile"
28,1,"none","chile"
29,1,"none","chile"
30,1,"none","chile"
31,1,"none","chile"
32,1,"none","chile"
33,1,"none","chile"
34,1,"none","chile"
35,1,"none","chile"
0,1,"full","chile"
1,1,"full","chile"
2,1,"full","chile"
3,1,"full","chile"
4,1,"full","chile"
5,1,"full","chile"
6,1,"full","chile"
7,1,"full","chile"
8,1,"full","chile"
9,1,"full","chile"
10,0.997216577076923,"full","chile"
11,0.994433154153846,"full","chile"
12,0.991649731230769,"full","chile"
13,0.988866308307692,"full","chile"
14,0.986082885384615,"full","chile"
15,0.983299462461538,"full","chile"
16,0.980516039538462,"full","chile"
17,0.977732616615385,"full","chile"
18,0.974949193692308,"full","chile"
19,0.972165770769231,"full","chile"
20,0.969382347846154,"full","chile"
21,0.966598924923077,"full","chile"
22,0.963815502,"full","chile"
23,0.961032079076923,"full","chile"
24,0.958248656153846,"full","chile"
25,0.955465233230769,"full","chile"
26,0.952681810307692,"full","chile"
27,0.949898387384615,"full","chile"
28,0.947114964461538,"full","chile"
29,0.944331541538462,"full","chile"
30,0.941548118615385,"full","chile"
31,0.938764695692308,"full","chile"
32,0.935981272769231,"full","chile"
33,0.933197849846154,"full","chile"
34,0.930414426923077,"full","chile"
35,0.927631004,"full","chile"
0,1,"none","colombia"
1,1,"none","colombia"
2,1,"none","colombia"
3,1,"none","colombia"
4,1,"none","colombia"
5,1,"none","colombia"
6,1,"none","colombia"
7,1,"none","colombia"
8,1,"none","colombia"
9,1,"none","colombia"
10,1,"none","colombia"
11,1,"none","colombia"
12,1,"none","colombia"
13,1,"none","colombia"
14,1,"none","colombia"
15,1,"none","colombia"
16,1,"none","colombia"
17,1,"none","colombia"
18,1,"none","colombia"
19,1,"none","colombia"
20,1,"none","colombia"
21,1,"none","colombia"
22,1,"none","colombia"
23,1,"none","colombia"
24,1,"none","colombia"
25,1,"none","colombia"
26,1,"none","colombia"
27,1,"none","colombia"
28,1,"none","colombia"
29,1,"none","colombia"
30,1,"none","colombia"
31,1,"none","colombia"
32,1,"none","colombia"
33,1,"none","colombia"
34,1,"none","colombia"
35,1,"none","colombia"
0,1,"full","colombia"
1,1,"full","colombia"
2,1,"full","colombia"
3,1,"full","colombia"
4,1,"full","colombia"
5,1,"full","colombia"
6,1,"full","colombia"
7,1,"full","colombia"
8,1,"full","colombia"
9,1,"full","colombia"
10,0.997947682576923,"full","colombia"
11,0.995895365153846,"full","colombia"
12,0.993843047730769,"full","colombia"
13,0.991790730307692,"full","colombia"
14,0.989738412884615,"full","colombia"
15,0.987686095461538,"full","colombia"
16,0.985633778038462,"full","colombia"
17,0.983581460615385,"full","colombia"
18,0.981529143192308,"full","colombia"
19,0.979476825769231,"full","colombia"
20,0.977424508346154,"full","colombia"
21,0.975372190923077,"full","colombia"
22,0.9733198735,"full","colombia"
23,0.971267556076923,"full","colombia"
24,0.969215238653846,"full","colombia"
25,0.967162921230769,"full","colombia"
26,0.965110603807692,"full","colombia"
27,0.963058286384615,"full","colombia"
28,0.961005968961538,"full","colombia"
29,0.958953651538462,"full","colombia"
30,0.956901334115385,"full","colombia"
31,0.954849016692308,"full","colombia"
32,0.952796699269231,"full","colombia"
33,0.950744381846154,"full","colombia"
34,0.948692064423077,"full","colombia"
35,0.946639747,"full","colombia"
0,1,"none","costa_rica"
1,1,"none","costa_rica"
2,1,"none","costa_rica"
3,1,"none","costa_rica"
4,1,"none","costa_rica"
5,1,"none","costa_rica"
6,1,"none","costa_rica"
7,1,"none","costa_rica"
8,1,"none","costa_rica"
9,1,"none","costa_rica"
10,1,"none","costa_rica"
11,1,"none","costa_rica"
12,1,"none","costa_rica"
13,1,"none","costa_rica"
14,1,"none","costa_rica"
15,1,"none","costa_rica"
16,1,"none","costa_rica"
17,1,"none","costa_rica"
18,1,"none","costa_rica"
19,1,"none","costa_rica"
20,1,"none","costa_rica"
21,1,"none","costa_rica"
22,1,"none","costa_rica"
23,1,"none","costa_rica"
24,1,"none","costa_rica"
25,1,"none","costa_rica"
26,1,"none","costa_rica"
27,1,"none","costa_rica"
28,1,"none","costa_rica"
29,1,"none","costa_rica"
30,1,"none","costa_rica"
31,1,"none","costa_rica"
32,1,"none","costa_rica"
33,1,"none","costa_rica"
34,1,"none","costa_rica"
35,1,"none","costa_rica"
0,1,"full","costa_rica"
1,1,"full","costa_rica"
2,1,"full","costa_rica"
3,1,"full","costa_rica"
4,1,"full","costa_rica"
5,1,"full","costa_rica"
6,1,"full","costa_rica"
7,1,"full","costa_rica"
8,1,"full","costa_rica"
9,1,"full","costa_rica"
10,0.996153846153846,"full","costa_rica"
11,0.992307692307692,"full","costa_rica"
12,0.988461538461539,"full","costa_rica"
13,0.984615384615385,"full","costa_rica"
14,0.980769230769231,"full","costa_rica"
15,0.976923076923077,"full","costa_rica"
16,0.973076923076923,"full","costa_rica"
17,0.969230769230769,"full","costa_rica"
18,0.965384615384615,"full","costa_rica"
19,0.961538461538462,"full","costa_rica"
20,0.957692307692308,"full","costa_rica"
21,0.953846153846154,"full","costa_rica"
22,0.95,"full","costa_rica"
23,0.946153846153846,"full","costa_rica"
24,0.942307692307692,"full","costa_rica"
25,0.938461538461538,"full","costa_rica"
26,0.934615384615385,"full","costa_rica"
27,0.930769230769231,"full","costa_rica"
28,0.926923076923077,"full","costa_rica"
29,0.923076923076923,"full","costa_rica"
30,0.919230769230769,"full","costa_rica"
31,0.915384615384615,"full","costa_rica"
32,0.911538461538462,"full","costa_rica"
33,0.907692307692308,"full","costa_rica"
34,0.903846153846154,"full","costa_rica"
35,0.9,"full","costa_rica"
0,1,"none","dominican_republic"
1,1,"none","dominican_republic"
2,1,"none","dominican_republic"
3,1,"none","dominican_republic"
4,1,"none","dominican_republic"
5,1,"none","dominican_republic"
6,1,"none","dominican_republic"
7,1,"none","dominican_republic"
8,1,"none","dominican_republic"
9,1,"none","dominican_republic"
10,1,"none","dominican_republic"
11,1,"none","dominican_republic"
12,1,"none","dominican_republic"
13,1,"none","dominican_republic"
14,1,"none","dominican_republic"
15,1,"none","dominican_republic"
16,1,"none","dominican_republic"
17,1,"none","dominican_republic"
18,1,"none","dominican_republic"
19,1,"none","dominican_republic"
20,1,"none","dominican_republic"
21,1,"none","dominican_republic"
22,1,"none","dominican_republic"
23,1,"none","dominican_republic"
24,1,"none","dominican_republic"
25,1,"none","dominican_republic"
26,1,"none","dominican_republic"
27,1,"none","dominican_republic"
28,1,"none","dominican_republic"
29,1,"none","dominican_republic"
30,1,"none","dominican_republic"
31,1,"none","dominican_republic"
32,1,"none","dominican_republic"
33,1,"none","dominican_republic"
34,1,"none","dominican_republic"
35,1,"none","dominican_republic"
0,1,"full","dominican_republic"
1,1,"full","dominican_republic"
2,1,"full","dominican_republic"
3,1,"full","dominican_republic"
4,1,"full","dominican_republic"
5,1,"full","dominican_republic"
6,1,"full","dominican_republic"
7,1,"full","dominican_republic"
8,1,"full","dominican_republic"
9,1,"full","dominican_republic"
10,0.997697969153846,"full","dominican_republic"
11,0.995395938307692,"full","dominican_republic"
12,0.993093907461538,"full","dominican_republic"
13,0.990791876615385,"full","dominican_republic"
14,0.988489845769231,"full","dominican_republic"
15,0.986187814923077,"full","dominican_republic"
16,0.983885784076923,"full","dominican_republic"
17,0.981583753230769,"full","dominican_republic"
18,0.979281722384615,"full","dominican_republic"
19,0.976979691538462,"full","dominican_republic"
20,0.974677660692308,"full","dominican_republic"
21,0.972375629846154,"full","dominican_republic"
22,0.970073599,"full","dominican_republic"
23,0.967771568153846,"full","dominican_republic"
24,0.965469537307692,"full","dominican_republic"
25,0.963167506461538,"full","dominican_republic"
26,0.960865475615385,"full","dominican_republic"
27,0.958563444769231,"full","dominican_republic"
28,0.956261413923077,"full","dominican_republic"
29,0.953959383076923,"full","dominican_republic"
30,0.951657352230769,"full","dominican_republic"
31,0.949355321384615,"full","dominican_republic"
32,0.947053290538462,"full","dominican_republic"
33,0.944751259692308,"full","dominican_republic"
34,0.942449228846154,"full","dominican_republic"
35,0.940147198,"full","dominican_republic"
0,1,"none","ecuador"
1,1,"none","ecuador"
2,1,"none","ecuador"
3,1,"none","ecuador"
4,1,"none","ecuador"
5,1,"none","ecuador"
6,1,"none","ecuador"
7,1,"none","ecuador"
8,1,"none","ecuador"
9,1,"none","ecuador"
10,1,"none","ecuador"
11,1,"none","ecuador"
12,1,"none","ecuador"
13,1,"none","ecuador"
14,1,"none","ecuador"
15,1,"none","ecuador"
16,1,"none","ecuador"
17,1,"none","ecuador"
18,1,"none","ecuador"
19,1,"none","ecuador"
20,1,"none","ecuador"
21,1,"none","ecuador"
22,1,"none","ecuador"
23,1,"none","ecuador"
24,1,"none","ecuador"
25,1,"none","ecuador"
26,1,"none","ecuador"
27,1,"none","ecuador"
28,1,"none","ecuador"
29,1,"none","ecuador"
30,1,"none","ecuador"
31,1,"none","ecuador"
32,1,"none","ecuador"
33,1,"none","ecuador"
34,1,"none","ecuador"
35,1,"none","ecuador"
0,1,"full","ecuador"
1,1,"full","ecuador"
2,1,"full","ecuador"
3,1,"full","ecuador"
4,1,"full","ecuador"
5,1,"full","ecuador"
6,1,"full","ecuador"
7,1,"full","ecuador"
8,1,"full","ecuador"
9,1,"full","ecuador"
10,0.998100280769231,"full","ecuador"
11,0.996200561538462,"full","ecuador"
12,0.994300842307692,"full","ecuador"
13,0.992401123076923,"full","ecuador"
14,0.990501403846154,"full","ecuador"
15,0.988601684615385,"full","ecuador"
16,0.986701965384615,"full","ecuador"
17,0.984802246153846,"full","ecuador"
18,0.982902526923077,"full","ecuador"
19,0.981002807692308,"full","ecuador"
20,0.979103088461538,"full","ecuador"
21,0.977203369230769,"full","ecuador"
22,0.97530365,"full","ecuador"
23,0.973403930769231,"full","ecuador"
24,0.971504211538462,"full","ecuador"
25,0.969604492307692,"full","ecuador"
26,0.967704773076923,"full","ecuador"
27,0.965805053846154,"full","ecuador"
28,0.963905334615385,"full","ecuador"
29,0.962005615384615,"full","ecuador"
30,0.960105896153846,"full","ecuador"
31,0.958206176923077,"full","ecuador"
32,0.956306457692308,"full","ecuador"
33,0.954406738461538,"full","ecuador"
34,0.952507019230769,"full","ecuador"
35,0.9506073,"full","ecuador"
0,1,"none","el_salvador"
1,1,"none","el_salvador"
2,1,"none","el_salvador"
3,1,"none","el_salvador"
4,1,"none","el_salvador"
5,1,"none","el_salvador"
6,1,"none","el_salvador"
7,1,"none","el_salvador"
8,1,"none","el_salvador"
9,1,"none","el_salvador"
10,1,"none","el_salvador"
11,1,"none","el_salvador"
12,1,"none","el_salvador"
13,1,"none","el_salvador"
14,1,"none","el_salvador"
15,1,"none","el_salvador"
16,1,"none","el_salvador"
17,1,"none","el_salvador"
18,1,"none","el_salvador"
19,1,"none","el_salvador"
20,1,"none","el_salvador"
21,1,"none","el_salvador"
22,1,"none","el_salvador"
23,1,"none","el_salvador"
24,1,"none","el_salvador"
25,1,"none","el_salvador"
26,1,"none","el_salvador"
27,1,"none","el_salvador"
28,1,"none","el_salvador"
29,1,"none","el_salvador"
30,1,"none","el_salvador"
31,1,"none","el_salvador"
32,1,"none","el_salvador"
33,1,"none","el_salvador"
34,1,"none","el_salvador"
35,1,"none","el_salvador"
0,1,"full","el_salvador"
1,1,"full","el_salvador"
2,1,"full","el_salvador"
3,1,"full","el_salvador"
4,1,"full","el_salvador"
5,1,"full","el_salvador"
6,1,"full","el_salvador"
7,1,"full","el_salvador"
8,1,"full","el_salvador"
9,1,"full","el_salvador"
10,0.997852692461539,"full","el_salvador"
11,0.995705384923077,"full","el_salvador"
12,0.993558077384615,"full","el_salvador"
13,0.991410769846154,"full","el_salvador"
14,0.989263462307692,"full","el_salvador"
15,0.987116154769231,"full","el_salvador"
16,0.984968847230769,"full","el_salvador"
17,0.982821539692308,"full","el_salvador"
18,0.980674232153846,"full","el_salvador"
19,0.978526924615385,"full","el_salvador"
20,0.976379617076923,"full","el_salvador"
21,0.974232309538462,"full","el_salvador"
22,0.972085002,"full","el_salvador"
23,0.969937694461538,"full","el_salvador"
24,0.967790386923077,"full","el_salvador"
25,0.965643079384615,"full","el_salvador"
26,0.963495771846154,"full","el_salvador"
27,0.961348464307692,"full","el_salvador"
28,0.959201156769231,"full","el_salvador"
29,0.957053849230769,"full","el_salvador"
30,0.954906541692308,"full","el_salvador"
31,0.952759234153846,"full","el_salvador"
32,0.950611926615385,"full","el_salvador"
33,0.948464619076923,"full","el_salvador"
34,0.946317311538462,"full","el_salvador"
35,0.944170004,"full","el_salvador"
0,1,"none","guatemala"
1,1,"none","guatemala"
2,1,"none","guatemala"
3,1,"none","guatemala"
4,1,"none","guatemala"
5,1,"none","guatemala"
6,1,"none","guatemala"
7,1,"none","guatemala"
8,1,"none","guatemala"
9,1,"none","guatemala"
10,1,"none","guatemala"
11,1,"none","guatemala"
12,1,"none","guatemala"
13,1,"none","guatemala"
14,1,"none","guatemala"
15,1,"none","guatemala"
16,1,"none","guatemala"
17,1,"none","guatemala"
18,1,"none","guatemala"
19,1,"none","guatemala"
20,1,"none","guatemala"
21,1,"none","guatemala"
22,1,"none","guatemala"
23,1,"none","guatemala"
24,1,"none","guatemala"
25,1,"none","guatemala"
26,1,"none","guatemala"
27,1,"none","guatemala"
28,1,"none","guatemala"
29,1,"none","guatemala"
30,1,"none","guatemala"
31,1,"none","guatemala"
32,1,"none","guatemala"
33,1,"none","guatemala"
34,1,"none","guatemala"
35,1,"none","guatemala"
0,1,"full","guatemala"
1,1,"full","guatemala"
2,1,"full","guatemala"
3,1,"full","guatemala"
4,1,"full","guatemala"
5,1,"full","guatemala"
6,1,"full","guatemala"
7,1,"full","guatemala"
8,1,"full","guatemala"
9,1,"full","guatemala"
10,0.997667746423077,"full","guatemala"
11,0.995335492846154,"full","guatemala"
12,0.993003239269231,"full","guatemala"
13,0.990670985692308,"full","guatemala"
14,0.988338732115385,"full","guatemala"
15,0.986006478538462,"full","guatemala"
16,0.983674224961538,"full","guatemala"
17,0.981341971384615,"full","guatemala"
18,0.979009717807692,"full","guatemala"
19,0.976677464230769,"full","guatemala"
20,0.974345210653846,"full","guatemala"
21,0.972012957076923,"full","guatemala"
22,0.9696807035,"full","guatemala"
23,0.967348449923077,"full","guatemala"
24,0.965016196346154,"full","guatemala"
25,0.962683942769231,"full","guatemala"
26,0.960351689192308,"full","guatemala"
27,0.958019435615385,"full","guatemala"
28,0.955687182038462,"full","guatemala"
29,0.953354928461538,"full","guatemala"
30,0.951022674884615,"full","guatemala"
31,0.948690421307692,"full","guatemala"
32,0.946358167730769,"full","guatemala"
33,0.944025914153846,"full","guatemala"
34,0.941693660576923,"full","guatemala"
35,0.939361407,"full","guatemala"
0,1,"none","guyana"
1,1,"none","guyana"
2,1,"none","guyana"
3,1,"none","guyana"
4,1,"none","guyana"
5,1,"none","guyana"
6,1,"none","guyana"
7,1,"none","guyana"
8,1,"none","guyana"
9,1,"none","guyana"
10,1,"none","guyana"
11,1,"none","guyana"
12,1,"none","guyana"
13,1,"none","guyana"
14,1,"none","guyana"
15,1,"none","guyana"
16,1,"none","guyana"
17,1,"none","guyana"
18,1,"none","guyana"
19,1,"none","guyana"
20,1,"none","guyana"
21,1,"none","guyana"
22,1,"none","guyana"
23,1,"none","guyana"
24,1,"none","guyana"
25,1,"none","guyana"
26,1,"none","guyana"
27,1,"none","guyana"
28,1,"none","guyana"
29,1,"none","guyana"
30,1,"none","guyana"
31,1,"none","guyana"
32,1,"none","guyana"
33,1,"none","guyana"
34,1,"none","guyana"
35,1,"none","guyana"
0,1,"full","guyana"
1,1,"full","guyana"
2,1,"full","guyana"
3,1,"full","guyana"
4,1,"full","guyana"
5,1,"full","guyana"
6,1,"full","guyana"
7,1,"full","guyana"
8,1,"full","guyana"
9,1,"full","guyana"
10,0.999468075961538,"full","guyana"
11,0.998936151923077,"full","guyana"
12,0.998404227884615,"full","guyana"
13,0.997872303846154,"full","guyana"
14,0.997340379807692,"full","guyana"
15,0.996808455769231,"full","guyana"
16,0.996276531730769,"full","guyana"
17,0.995744607692308,"full","guyana"
18,0.995212683653846,"full","guyana"
19,0.994680759615385,"full","guyana"
20,0.994148835576923,"full","guyana"
21,0.993616911538462,"full","guyana"
22,0.9930849875,"full","guyana"
23,0.992553063461538,"full","guyana"
24,0.992021139423077,"full","guyana"
25,0.991489215384615,"full","guyana"
26,0.990957291346154,"full","guyana"
27,0.990425367307692,"full","guyana"
28,0.989893443269231,"full","guyana"
29,0.989361519230769,"full","guyana"
30,0.988829595192308,"full","guyana"
31,0.988297671153846,"full","guyana"
32,0.987765747115385,"full","guyana"
33,0.987233823076923,"full","guyana"
34,0.986701899038462,"full","guyana"
35,0.986169975,"full","guyana"
0,1,"none","haiti"
1,1,"none","haiti"
2,1,"none","haiti"
3,1,"none","haiti"
4,1,"none","haiti"
5,1,"none","haiti"
6,1,"none","haiti"
7,1,"none","haiti"
8,1,"none","haiti"
9,1,"none","haiti"
10,1,"none","haiti"
11,1,"none","haiti"
12,1,"none","haiti"
13,1,"none","haiti"
14,1,"none","haiti"
15,1,"none","haiti"
16,1,"none","haiti"
17,1,"none","haiti"
18,1,"none","haiti"
19,1,"none","haiti"
20,1,"none","haiti"
21,1,"none","haiti"
22,1,"none","haiti"
23,1,"none","haiti"
24,1,"none","haiti"
25,1,"none","haiti"
26,1,"none","haiti"
27,1,"none","haiti"
28,1,"none","haiti"
29,1,"none","haiti"
30,1,"none","haiti"
31,1,"none","haiti"
32,1,"none","haiti"
33,1,"none","haiti"
34,1,"none","haiti"
35,1,"none","haiti"
0,1,"full","haiti"
1,1,"full","haiti"
2,1,"full","haiti"
3,1,"full","haiti"
4,1,"full","haiti"
5,1,"full","haiti"
6,1,"full","haiti"
7,1,"full","haiti"
8,1,"full","haiti"
9,1,"full","haiti"
10,0.998797588192308,"full","haiti"
11,0.997595176384615,"full","haiti"
12,0.996392764576923,"full","haiti"
13,0.995190352769231,"full","haiti"
14,0.993987940961538,"full","haiti"
15,0.992785529153846,"full","haiti"
16,0.991583117346154,"full","haiti"
17,0.990380705538462,"full","haiti"
18,0.989178293730769,"full","haiti"
19,0.987975881923077,"full","haiti"
20,0.986773470115385,"full","haiti"
21,0.985571058307692,"full","haiti"
22,0.9843686465,"full","haiti"
23,0.983166234692308,"full","haiti"
24,0.981963822884615,"full","haiti"
25,0.980761411076923,"full","haiti"
26,0.979558999269231,"full","haiti"
27,0.978356587461538,"full","haiti"
28,0.977154175653846,"full","haiti"
29,0.975951763846154,"full","haiti"
30,0.974749352038462,"full","haiti"
31,0.973546940230769,"full","haiti"
32,0.972344528423077,"full","haiti"
33,0.971142116615385,"full","haiti"
34,0.969939704807692,"full","haiti"
35,0.968737293,"full","haiti"
0,1,"none","honduras"
1,1,"none","honduras"
2,1,"none","honduras"
3,1,"none","honduras"
4,1,"none","honduras"
5,1,"none","honduras"
6,1,"none","honduras"
7,1,"none","honduras"
8,1,"none","honduras"
9,1,"none","honduras"
10,1,"none","honduras"
11,1,"none","honduras"
12,1,"none","honduras"
13,1,"none","honduras"
14,1,"none","honduras"
15,1,"none","honduras"
16,1,"none","honduras"
17,1,"none","honduras"
18,1,"none","honduras"
19,1,"none","honduras"
20,1,"none","honduras"
21,1,"none","honduras"
22,1,"none","honduras"
23,1,"none","honduras"
24,1,"none","honduras"
25,1,"none","honduras"
26,1,"none","honduras"
27,1,"none","honduras"
28,1,"none","honduras"
29,1,"none","honduras"
30,1,"none","honduras"
31,1,"none","honduras"
32,1,"none","honduras"
33,1,"none","honduras"
34,1,"none","honduras"
35,1,"none","honduras"
0,1,"full","honduras"
1,1,"full","honduras"
2,1,"full","honduras"
3,1,"full","honduras"
4,1,"full","honduras"
5,1,"full","honduras"
6,1,"full","honduras"
7,1,"full","honduras"
8,1,"full","honduras"
9,1,"full","honduras"
10,0.997024799076923,"full","honduras"
11,0.994049598153846,"full","honduras"
12,0.991074397230769,"full","honduras"
13,0.988099196307692,"full","honduras"
14,0.985123995384615,"full","honduras"
15,0.982148794461538,"full","honduras"
16,0.979173593538462,"full","honduras"
17,0.976198392615385,"full","honduras"
18,0.973223191692308,"full","honduras"
19,0.970247990769231,"full","honduras"
20,0.967272789846154,"full","honduras"
21,0.964297588923077,"full","honduras"
22,0.961322388,"full","honduras"
23,0.958347187076923,"full","honduras"
24,0.955371986153846,"full","honduras"
25,0.952396785230769,"full","honduras"
26,0.949421584307692,"full","honduras"
27,0.946446383384615,"full","honduras"
28,0.943471182461538,"full","honduras"
29,0.940495981538462,"full","honduras"
30,0.937520780615385,"full","honduras"
31,0.934545579692308,"full","honduras"
32,0.931570378769231,"full","honduras"
33,0.928595177846154,"full","honduras"
34,0.925619976923077,"full","honduras"
35,0.922644776,"full","honduras"
0,1,"none","jamaica"
1,1,"none","jamaica"
2,1,"none","jamaica"
3,1,"none","jamaica"
4,1,"none","jamaica"
5,1,"none","jamaica"
6,1,"none","jamaica"
7,1,"none","jamaica"
8,1,"none","jamaica"
9,1,"none","jamaica"
10,1,"none","jamaica"
11,1,"none","jamaica"
12,1,"none","jamaica"
13,1,"none","jamaica"
14,1,"none","jamaica"
15,1,"none","jamaica"
16,1,"none","jamaica"
17,1,"none","jamaica"
18,1,"none","jamaica"
19,1,"none","jamaica"
20,1,"none","jamaica"
21,1,"none","jamaica"
22,1,"none","jamaica"
23,1,"none","jamaica"
24,1,"none","jamaica"
25,1,"none","jamaica"
26,1,"none","jamaica"
27,1,"none","jamaica"
28,1,"none","jamaica"
29,1,"none","jamaica"
30,1,"none","jamaica"
31,1,"none","jamaica"
32,1,"none","jamaica"
33,1,"none","jamaica"
34,1,"none","jamaica"
35,1,"none","jamaica"
0,1,"full","jamaica"
1,1,"full","jamaica"
2,1,"full","jamaica"
3,1,"full","jamaica"
4,1,"full","jamaica"
5,1,"full","jamaica"
6,1,"full","jamaica"
7,1,"full","jamaica"
8,1,"full","jamaica"
9,1,"full","jamaica"
10,1,"full","jamaica"
11,1,"full","jamaica"
12,1,"full","jamaica"
13,1,"full","jamaica"
14,1,"full","jamaica"
15,1,"full","jamaica"
16,1,"full","jamaica"
17,1,"full","jamaica"
18,1,"full","jamaica"
19,1,"full","jamaica"
20,1,"full","jamaica"
21,1,"full","jamaica"
22,1,"full","jamaica"
23,1,"full","jamaica"
24,1,"full","jamaica"
25,1,"full","jamaica"
26,1,"full","jamaica"
27,1,"full","jamaica"
28,1,"full","jamaica"
29,1,"full","jamaica"
30,1,"full","jamaica"
31,1,"full","jamaica"
32,1,"full","jamaica"
33,1,"full","jamaica"
34,1,"full","jamaica"
35,1,"full","jamaica"
0,1,"none","mexico"
1,1,"none","mexico"
2,1,"none","mexico"
3,1,"none","mexico"
4,1,"none","mexico"
5,1,"none","mexico"
6,1,"none","mexico"
7,1,"none","mexico"
8,1,"none","mexico"
9,1,"none","mexico"
10,1,"none","mexico"
11,1,"none","mexico"
12,1,"none","mexico"
13,1,"none","mexico"
14,1,"none","mexico"
15,1,"none","mexico"
16,1,"none","mexico"
17,1,"none","mexico"
18,1,"none","mexico"
19,1,"none","mexico"
20,1,"none","mexico"
21,1,"none","mexico"
22,1,"none","mexico"
23,1,"none","mexico"
24,1,"none","mexico"
25,1,"none","mexico"
26,1,"none","mexico"
27,1,"none","mexico"
28,1,"none","mexico"
29,1,"none","mexico"
30,1,"none","mexico"
31,1,"none","mexico"
32,1,"none","mexico"
33,1,"none","mexico"
34,1,"none","mexico"
35,1,"none","mexico"
0,1,"full","mexico"
1,1,"full","mexico"
2,1,"full","mexico"
3,1,"full","mexico"
4,1,"full","mexico"
5,1,"full","mexico"
6,1,"full","mexico"
7,1,"full","mexico"
8,1,"full","mexico"
9,1,"full","mexico"
10,0.997317954076923,"full","mexico"
11,0.994635908153846,"full","mexico"
12,0.991953862230769,"full","mexico"
13,0.989271816307692,"full","mexico"
14,0.986589770384615,"full","mexico"
15,0.983907724461539,"full","mexico"
16,0.981225678538462,"full","mexico"
17,0.978543632615385,"full","mexico"
18,0.975861586692308,"full","mexico"
19,0.973179540769231,"full","mexico"
20,0.970497494846154,"full","mexico"
21,0.967815448923077,"full","mexico"
22,0.965133403,"full","mexico"
23,0.962451357076923,"full","mexico"
24,0.959769311153846,"full","mexico"
25,0.957087265230769,"full","mexico"
26,0.954405219307692,"full","mexico"
27,0.951723173384615,"full","mexico"
28,0.949041127461538,"full","mexico"
29,0.946359081538461,"full","mexico"
30,0.943677035615385,"full","mexico"
31,0.940994989692308,"full","mexico"
32,0.938312943769231,"full","mexico"
33,0.935630897846154,"full","mexico"
34,0.932948851923077,"full","mexico"
35,0.930266806,"full","mexico"
0,1,"none","nicaragua"
1,1,"none","nicaragua"
2,1,"none","nicaragua"
3,1,"none","nicaragua"
4,1,"none","nicaragua"
5,1,"none","nicaragua"
6,1,"none","nicaragua"
7,1,"none","nicaragua"
8,1,"none","nicaragua"
9,1,"none","nicaragua"
10,1,"none","nicaragua"
11,1,"none","nicaragua"
12,1,"none","nicaragua"
13,1,"none","nicaragua"
14,1,"none","nicaragua"
15,1,"none","nicaragua"
16,1,"none","nicaragua"
17,1,"none","nicaragua"
18,1,"none","nicaragua"
19,1,"none","nicaragua"
20,1,"none","nicaragua"
21,1,"none","nicaragua"
22,1,"none","nicaragua"
23,1,"none","nicaragua"
24,1,"none","nicaragua"
25,1,"none","nicaragua"
26,1,"none","nicaragua"
27,1,"none","nicaragua"
28,1,"none","nicaragua"
29,1,"none","nicaragua"
30,1,"none","nicaragua"
31,1,"none","nicaragua"
32,1,"none","nicaragua"
33,1,"none","nicaragua"
34,1,"none","nicaragua"
35,1,"none","nicaragua"
0,1,"full","nicaragua"
1,1,"full","nicaragua"
2,1,"full","nicaragua"
3,1,"full","nicaragua"
4,1,"full","nicaragua"
5,1,"full","nicaragua"
6,1,"full","nicaragua"
7,1,"full","nicaragua"
8,1,"full","nicaragua"
9,1,"full","nicaragua"
10,0.998824623192308,"full","nicaragua"
11,0.997649246384615,"full","nicaragua"
12,0.996473869576923,"full","nicaragua"
13,0.995298492769231,"full","nicaragua"
14,0.994123115961538,"full","nicaragua"
15,0.992947739153846,"full","nicaragua"
16,0.991772362346154,"full","nicaragua"
17,0.990596985538462,"full","nicaragua"
18,0.989421608730769,"full","nicaragua"
19,0.988246231923077,"full","nicaragua"
20,0.987070855115385,"full","nicaragua"
21,0.985895478307692,"full","nicaragua"
22,0.9847201015,"full","nicaragua"
23,0.983544724692308,"full","nicaragua"
24,0.982369347884615,"full","nicaragua"
25,0.981193971076923,"full","nicaragua"
26,0.980018594269231,"full","nicaragua"
27,0.978843217461538,"full","nicaragua"
28,0.977667840653846,"full","nicaragua"
29,0.976492463846154,"full","nicaragua"
30,0.975317087038462,"full","nicaragua"
31,0.974141710230769,"full","nicaragua"
32,0.972966333423077,"full","nicaragua"
33,0.971790956615385,"full","nicaragua"
34,0.970615579807692,"full","nicaragua"
35,0.969440203,"full","nicaragua"
0,1,"none","panama"
1,1,"none","panama"
2,1,"none","panama"
3,1,"none","panama"
4,1,"none","panama"
5,1,"none","panama"
6,1,"none","panama"
7,1,"none","panama"
8,1,"none","panama"
9,1,"none","panama"
10,1,"none","panama"
11,1,"none","panama"
12,1,"none","panama"
13,1,"none","panama"
14,1,"none","panama"
15,1,"none","panama"
16,1,"none","panama"
17,1,"none","panama"
18,1,"none","panama"
19,1,"none","panama"
20,1,"none","panama"
21,1,"none","panama"
22,1,"none","panama"
23,1,"none","panama"
24,1,"none","panama"
25,1,"none","panama"
26,1,"none","panama"
27,1,"none","panama"
28,1,"none","panama"
29,1,"none","panama"
30,1,"none","panama"
31,1,"none","panama"
32,1,"none","panama"
33,1,"none","panama"
34,1,"none","panama"
35,1,"none","panama"
0,1,"full","panama"
1,1,"full","panama"
2,1,"full","panama"
3,1,"full","panama"
4,1,"full","panama"
5,1,"full","panama"
6,1,"full","panama"
7,1,"full","panama"
8,1,"full","panama"
9,1,"full","panama"
10,0.997342028269231,"full","panama"
11,0.994684056538462,"full","panama"
12,0.992026084807692,"full","panama"
13,0.989368113076923,"full","panama"
14,0.986710141346154,"full","panama"
15,0.984052169615385,"full","panama"
16,0.981394197884615,"full","panama"
17,0.978736226153846,"full","panama"
18,0.976078254423077,"full","panama"
19,0.973420282692308,"full","panama"
20,0.970762310961538,"full","panama"
21,0.968104339230769,"full","panama"
22,0.9654463675,"full","panama"
23,0.962788395769231,"full","panama"
24,0.960130424038462,"full","panama"
25,0.957472452307692,"full","panama"
26,0.954814480576923,"full","panama"
27,0.952156508846154,"full","panama"
28,0.949498537115385,"full","panama"
29,0.946840565384615,"full","panama"
30,0.944182593653846,"full","panama"
31,0.941524621923077,"full","panama"
32,0.938866650192308,"full","panama"
33,0.936208678461538,"full","panama"
34,0.933550706730769,"full","panama"
35,0.930892735,"full","panama"
0,1,"none","paraguay"
1,1,"none","paraguay"
2,1,"none","paraguay"
3,1,"none","paraguay"
4,1,"none","paraguay"
5,1,"none","paraguay"
6,1,"none","paraguay"
7,1,"none","paraguay"
8,1,"none","paraguay"
9,1,"none","paraguay"
10,1,"none","paraguay"
11,1,"none","paraguay"
12,1,"none","paraguay"
13,1,"none","paraguay"
14,1,"none","paraguay"
15,1,"none","paraguay"
16,1,"none","paraguay"
17,1,"none","paraguay"
18,1,"none","paraguay"
19,1,"none","paraguay"
20,1,"none","paraguay"
21,1,"none","paraguay"
22,1,"none","paraguay"
23,1,"none","paraguay"
24,1,"none","paraguay"
25,1,"none","paraguay"
26,1,"none","paraguay"
27,1,"none","paraguay"
28,1,"none","paraguay"
29,1,"none","paraguay"
30,1,"none","paraguay"
31,1,"none","paraguay"
32,1,"none","paraguay"
33,1,"none","paraguay"
34,1,"none","paraguay"
35,1,"none","paraguay"
0,1,"full","paraguay"
1,1,"full","paraguay"
2,1,"full","paraguay"
3,1,"full","paraguay"
4,1,"full","paraguay"
5,1,"full","paraguay"
6,1,"full","paraguay"
7,1,"full","paraguay"
8,1,"full","paraguay"
9,1,"full","paraguay"
10,1,"full","paraguay"
11,1,"full","paraguay"
12,1,"full","paraguay"
13,1,"full","paraguay"
14,1,"full","paraguay"
15,1,"full","paraguay"
16,1,"full","paraguay"
17,1,"full","paraguay"
18,1,"full","paraguay"
19,1,"full","paraguay"
20,1,"full","paraguay"
21,1,"full","paraguay"
22,1,"full","paraguay"
23,1,"full","paraguay"
24,1,"full","paraguay"
25,1,"full","paraguay"
26,1,"full","paraguay"
27,1,"full","paraguay"
28,1,"full","paraguay"
29,1,"full","paraguay"
30,1,"full","paraguay"
31,1,"full","paraguay"
32,1,"full","paraguay"
33,1,"full","paraguay"
34,1,"full","paraguay"
35,1,"full","paraguay"
0,1,"none","peru"
1,1,"none","peru"
2,1,"none","peru"
3,1,"none","peru"
4,1,"none","peru"
5,1,"none","peru"
6,1,"none","peru"
7,1,"none","peru"
8,1,"none","peru"
9,1,"none","peru"
10,1,"none","peru"
11,1,"none","peru"
12,1,"none","peru"
13,1,"none","peru"
14,1,"none","peru"
15,1,"none","peru"
16,1,"none","peru"
17,1,"none","peru"
18,1,"none","peru"
19,1,"none","peru"
20,1,"none","peru"
21,1,"none","peru"
22,1,"none","peru"
23,1,"none","peru"
24,1,"none","peru"
25,1,"none","peru"
26,1,"none","peru"
27,1,"none","peru"
28,1,"none","peru"
29,1,"none","peru"
30,1,"none","peru"
31,1,"none","peru"
32,1,"none","peru"
33,1,"none","peru"
34,1,"none","peru"
35,1,"none","peru"
0,1,"full","peru"
1,1,"full","peru"
2,1,"full","peru"
3,1,"full","peru"
4,1,"full","peru"
5,1,"full","peru"
6,1,"full","peru"
7,1,"full","peru"
8,1,"full","peru"
9,1,"full","peru"
10,0.998064452346154,"full","peru"
11,0.996128904692308,"full","peru"
12,0.994193357038462,"full","peru"
13,0.992257809384615,"full","peru"
14,0.990322261730769,"full","peru"
15,0.988386714076923,"full","peru"
16,0.986451166423077,"full","peru"
17,0.984515618769231,"full","peru"
18,0.982580071115385,"full","peru"
19,0.980644523461538,"full","peru"
20,0.978708975807692,"full","peru"
21,0.976773428153846,"full","peru"
22,0.9748378805,"full","peru"
23,0.972902332846154,"full","peru"
24,0.970966785192308,"full","peru"
25,0.969031237538462,"full","peru"
26,0.967095689884615,"full","peru"
27,0.965160142230769,"full","peru"
28,0.963224594576923,"full","peru"
29,0.961289046923077,"full","peru"
30,0.959353499269231,"full","peru"
31,0.957417951615385,"full","peru"
32,0.955482403961538,"full","peru"
33,0.953546856307692,"full","peru"
34,0.951611308653846,"full","peru"
35,0.949675761,"full","peru"
0,1,"none","suriname"
1,1,"none","suriname"
2,1,"none","suriname"
3,1,"none","suriname"
4,1,"none","suriname"
5,1,"none","suriname"
6,1,"none","suriname"
7,1,"none","suriname"
8,1,"none","suriname"
9,1,"none","suriname"
10,1,"none","suriname"
11,1,"none","suriname"
12,1,"none","suriname"
13,1,"none","suriname"
14,1,"none","suriname"
15,1,"none","suriname"
16,1,"none","suriname"
17,1,"none","suriname"
18,1,"none","suriname"
19,1,"none","suriname"
20,1,"none","suriname"
21,1,"none","suriname"
22,1,"none","suriname"
23,1,"none","suriname"
24,1,"none","suriname"
25,1,"none","suriname"
26,1,"none","suriname"
27,1,"none","suriname"
28,1,"none","suriname"
29,1,"none","suriname"
30,1,"none","suriname"
31,1,"none","suriname"
32,1,"none","suriname"
33,1,"none","suriname"
34,1,"none","suriname"
35,1,"none","suriname"
0,1,"full","suriname"
1,1,"full","suriname"
2,1,"full","suriname"
3,1,"full","suriname"
4,1,"full","suriname"
5,1,"full","suriname"
6,1,"full","suriname"
7,1,"full","suriname"
8,1,"full","suriname"
9,1,"full","suriname"
10,1,"full","suriname"
11,1,"full","suriname"
12,1,"full","suriname"
13,1,"full","suriname"
14,1,"full","suriname"
15,1,"full","suriname"
16,1,"full","suriname"
17,1,"full","suriname"
18,1,"full","suriname"
19,1,"full","suriname"
20,1,"full","suriname"
21,1,"full","suriname"
22,1,"full","suriname"
23,1,"full","suriname"
24,1,"full","suriname"
25,1,"full","suriname"
26,1,"full","suriname"
27,1,"full","suriname"
28,1,"full","suriname"
29,1,"full","suriname"
30,1,"full","suriname"
31,1,"full","suriname"
32,1,"full","suriname"
33,1,"full","suriname"
34,1,"full","suriname"
35,1,"full","suriname"
0,1,"none","trinidad_and_tobago"
1,1,"none","trinidad_and_tobago"
2,1,"none","trinidad_and_tobago"
3,1,"none","trinidad_and_tobago"
4,1,"none","trinidad_and_tobago"
5,1,"none","trinidad_and_tobago"
6,1,"none","trinidad_and_tobago"
7,1,"none","trinidad_and_tobago"
8,1,"none","trinidad_and_tobago"
9,1,"none","trinidad_and_tobago"
10,1,"none","trinidad_and_tobago"
11,1,"none","trinidad_and_tobago"
12,1,"none","trinidad_and_tobago"
13,1,"none","trinidad_and_tobago"
14,1,"none","trinidad_and_tobago"
15,1,"none","trinidad_and_tobago"
16,1,"none","trinidad_and_tobago"
17,1,"none","trinidad_and_tobago"
18,1,"none","trinidad_and_tobago"
19,1,"none","trinidad_and_tobago"
20,1,"none","trinidad_and_tobago"
21,1,"none","trinidad_and_tobago"
22,1,"none","trinidad_and_tobago"
23,1,"none","trinidad_and_tobago"
24,1,"none","trinidad_and_tobago"
25,1,"none","trinidad_and_tobago"
26,1,"none","trinidad_and_tobago"
27,1,"none","trinidad_and_tobago"
28,1,"none","trinidad_and_tobago"
29,1,"none","trinidad_and_tobago"
30,1,"none","trinidad_and_tobago"
31,1,"none","trinidad_and_tobago"
32,1,"none","trinidad_and_tobago"
33,1,"none","trinidad_and_tobago"
34,1,"none","trinidad_and_tobago"
35,1,"none","trinidad_and_tobago"
0,1,"full","trinidad_and_tobago"
1,1,"full","trinidad_and_tobago"
2,1,"full","trinidad_and_tobago"
3,1,"full","trinidad_and_tobago"
4,1,"full","trinidad_and_tobago"
5,1,"full","trinidad_and_tobago"
6,1,"full","trinidad_and_tobago"
7,1,"full","trinidad_and_tobago"
8,1,"full","trinidad_and_tobago"
9,1,"full","trinidad_and_tobago"
10,1,"full","trinidad_and_tobago"
11,1,"full","trinidad_and_tobago"
12,1,"full","trinidad_and_tobago"
13,1,"full","trinidad_and_tobago"
14,1,"full","trinidad_and_tobago"
15,1,"full","trinidad_and_tobago"
16,1,"full","trinidad_and_tobago"
17,1,"full","trinidad_and_tobago"
18,1,"full","trinidad_and_tobago"
19,1,"full","trinidad_and_tobago"
20,1,"full","trinidad_and_tobago"
21,1,"full","trinidad_and_tobago"
22,1,"full","trinidad_and_tobago"
23,1,"full","trinidad_and_tobago"
24,1,"full","trinidad_and_tobago"
25,1,"full","trinidad_and_tobago"
26,1,"full","trinidad_and_tobago"
27,1,"full","trinidad_and_tobago"
28,1,"full","trinidad_and_tobago"
29,1,"full","trinidad_and_tobago"
30,1,"full","trinidad_and_tobago"
31,1,"full","trinidad_and_tobago"
32,1,"full","trinidad_and_tobago"
33,1,"full","trinidad_and_tobago"
34,1,"full","trinidad_and_tobago"
35,1,"full","trinidad_and_tobago"
0,1,"none","uruguay"
1,1,"none","uruguay"
2,1,"none","uruguay"
3,1,"none","uruguay"
4,1,"none","uruguay"
5,1,"none","uruguay"
6,1,"none","uruguay"
7,1,"none","uruguay"
8,1,"none","uruguay"
9,1,"none","uruguay"
10,1,"none","uruguay"
11,1,"none","uruguay"
12,1,"none","uruguay"
13,1,"none","uruguay"
14,1,"none","uruguay"
15,1,"none","uruguay"
16,1,"none","uruguay"
17,1,"none","uruguay"
18,1,"none","uruguay"
19,1,"none","uruguay"
20,1,"none","uruguay"
21,1,"none","uruguay"
22,1,"none","uruguay"
23,1,"none","uruguay"
24,1,"none","uruguay"
25,1,"none","uruguay"
26,1,"none","uruguay"
27,1,"none","uruguay"
28,1,"none","uruguay"
29,1,"none","uruguay"
30,1,"none","uruguay"
31,1,"none","uruguay"
32,1,"none","uruguay"
33,1,"none","uruguay"
34,1,"none","uruguay"
35,1,"none","uruguay"
0,1,"full","uruguay"
1,1,"full","uruguay"
2,1,"full","uruguay"
3,1,"full","uruguay"
4,1,"full","uruguay"
5,1,"full","uruguay"
6,1,"full","uruguay"
7,1,"full","uruguay"
8,1,"full","uruguay"
9,1,"full","uruguay"
10,0.998361197038461,"full","uruguay"
11,0.996722394076923,"full","uruguay"
12,0.995083591115385,"full","uruguay"
13,0.993444788153846,"full","uruguay"
14,0.991805985192308,"full","uruguay"
15,0.990167182230769,"full","uruguay"
16,0.988528379269231,"full","uruguay"
17,0.986889576307692,"full","uruguay"
18,0.985250773346154,"full","uruguay"
19,0.983611970384615,"full","uruguay"
20,0.981973167423077,"full","uruguay"
21,0.980334364461538,"full","uruguay"
22,0.9786955615,"full","uruguay"
23,0.977056758538462,"full","uruguay"
24,0.975417955576923,"full","uruguay"
25,0.973779152615385,"full","uruguay"
26,0.972140349653846,"full","uruguay"
27,0.970501546692308,"full","uruguay"
28,0.968862743730769,"full","uruguay"
29,0.967223940769231,"full","uruguay"
30,0.965585137807692,"full","uruguay"
31,0.963946334846154,"full","uruguay"
32,0.962307531884615,"full","uruguay"
33,0.960668728923077,"full","uruguay"
34,0.959029925961538,"full","uruguay"
35,0.957391123,"full","uruguay"
0,1,"none","venezuela"
1,1,"none","venezuela"
2,1,"none","venezuela"
3,1,"none","venezuela"
4,1,"none","venezuela"
5,1,"none","venezuela"
6,1,"none","venezuela"
7,1,"none","venezuela"
8,1,"none","venezuela"
9,1,"none","venezuela"
10,1,"none","venezuela"
11,1,"none","venezuela"
12,1,"none","venezuela"
13,1,"none","venezuela"
14,1,"none","venezuela"
15,1,"none","venezuela"
16,1,"none","venezuela"
17,1,"none","venezuela"
18,1,"none","venezuela"
19,1,"none","venezuela"
20,1,"none","venezuela"
21,1,"none","venezuela"
22,1,"none","venezuela"
23,1,"none","venezuela"
24,1,"none","venezuela"
25,1,"none","venezuela"
26,1,"none","venezuela"
27,1,"none","venezuela"
28,1,"none","venezuela"
29,1,"none","venezuela"
30,1,"none","venezuela"
31,1,"none","venezuela"
32,1,"none","venezuela"
33,1,"none","venezuela"
34,1,"none","venezuela"
35,1,"none","venezuela"
0,1,"full","venezuela"
1,1,"full","venezuela"
2,1,"full","venezuela"
3,1,"full","venezuela"
4,1,"full","venezuela"
5,1,"full","venezuela"
6,1,"full","venezuela"
7,1,"full","venezuela"
8,1,"full","venezuela"
9,1,"full","venezuela"
10,0.996892725576923,"full","venezuela"
11,0.993785451153846,"full","venezuela"
12,0.990678176730769,"full","venezuela"
13,0.987570902307692,"full","venezuela"
14,0.984463627884615,"full","venezuela"
15,0.981356353461538,"full","venezuela"
16,0.978249079038462,"full","venezuela"
17,0.975141804615385,"full","venezuela"
18,0.972034530192308,"full","venezuela"
19,0.968927255769231,"full","venezuela"
20,0.965819981346154,"full","venezuela"
21,0.962712706923077,"full","venezuela"
22,0.9596054325,"full","venezuela"
23,0.956498158076923,"full","venezuela"
24,0.953390883653846,"full","venezuela"
25,0.950283609230769,"full","venezuela"
26,0.947176334807692,"full","venezuela"
27,0.944069060384615,"full","venezuela"
28,0.940961785961538,"full","venezuela"
29,0.937854511538462,"full","venezuela"
30,0.934747237115385,"full","venezuela"
31,0.931639962692308,"full","venezuela"
32,0.928532688269231,"full","venezuela"
33,0.925425413846154,"full","venezuela"
34,0.922318139423077,"full","venezuela"
35,0.919210865,"full","venezuela"
